city,nitrogen,phosphorus,potassium
City_A,111.95942459383016,106.12771975694963,228.40992440729912
City_B,171.3244787222995,127.0967179954561,214.13115275378243
City_C,176.07850486168974,99.37955963643907,153.81286901161428
